date,open,close
2020-01-02,1005.617,1019.723
2020-01-03,1021.669,1024.482
2020-01-06,1019.999,1027.277
2020-01-07,1025.663,1043.083
2020-01-08,1035.836,1051.16
2020-01-09,1060.58,1078.312
2020-01-10,1082.31,1076.438
2020-01-13,1076.762,1105.848
2020-01-14,1107.776,1118.306
2020-01-15,1113.252,1114.766
2020-01-16,1116.508,1154.303
2020-01-17,1159.372,1238.664
2020-01-20,1239.439,1240.509
2020-01-21,1233.646,1195.014
2020-01-22,1178.784,1244.525
2020-01-23,1219.233,1202.102
2020-02-03,1018.276,1030.55
2020-02-04,1049.956,1153.232
2020-02-05,1166.973,1203.613
2020-02-06,1191.731,1238.757
2020-02-07,1240.038,1307.757
2020-02-10,1310.526,1322.25
2020-02-11,1318.42,1283.572
2020-02-12,1274.796,1348.702
2020-02-13,1360.129,1360.709
2020-02-14,1359.373,1327.224
2020-02-17,1332.965,1381.553
2020-02-18,1381.583,1399.384
2020-02-19,1398.781,1373.444
2020-02-20,1377.756,1348.338
2020-02-21,1337.557,1346.863
2020-02-24,1341.988,1351.71
2020-02-25,1312.479,1367.368
2020-02-26,1348.075,1288.242
2020-02-27,1293.187,1264.941
2020-02-28,1206.858,1191.055
2020-03-02,1202.959,1252.624
2020-03-03,1278.269,1285.034
2020-03-04,1268.834,1255.723
2020-03-05,1277.706,1264.788
2020-03-06,1246.096,1243.373
2020-03-09,1216.035,1171.859
2020-03-10,1148.397,1216.328
2020-03-11,1218.516,1184.71
2020-03-12,1161.922,1167.065
2020-03-13,1103.956,1175.282
2020-03-16,1188.078,1115.084
2020-03-17,1132.949,1131.547
2020-03-18,1145.302,1115.019
2020-03-19,1116.263,1128.973
2020-03-20,1140.092,1127.369
2020-03-23,1092.501,1039.884
2020-03-24,1067.014,1060.843
2020-03-25,1097.309,1101.319
2020-03-26,1093.331,1095.338
2020-03-27,1109.542,1084.505
2020-03-30,1062.899,1035.827
2020-03-31,1048.736,1029.749
2020-04-01,1026.575,1037.927
2020-04-02,1033.559,1094.826
2020-04-03,1089.242,1080.53
2020-04-07,1109.611,1111.654
2020-04-08,1104.955,1104.145
2020-04-09,1107.474,1101.281
2020-04-10,1100.368,1058.44
2020-04-13,1048.206,1042.145
2020-04-14,1049.212,1073.217
2020-04-15,1076.941,1088.203
2020-04-16,1080.873,1091.933
2020-04-17,1102.657,1117.07
2020-04-20,1119.259,1133.361
2020-04-21,1127.658,1119.229
2020-04-22,1108.683,1135.849
2020-04-23,1140.801,1149.716
2020-04-24,1148.59,1144.153
2020-04-27,1140.194,1138.1
2020-04-28,1130.615,1113.513
2020-04-29,1105.6,1102.698
2020-04-30,1107.426,1166.348
2020-05-06,1155.117,1247.513
2020-05-07,1249.636,1224.105
2020-05-08,1230.907,1240.246
2020-05-11,1244.303,1226.061
2020-05-12,1222.387,1233.592
2020-05-13,1227.722,1247.034
2020-05-14,1241.844,1242.169
2020-05-15,1244.741,1270.481
2020-05-18,1279.29,1254.299
2020-05-19,1260.221,1324.418
2020-05-20,1317.404,1306.998
2020-05-21,1305.912,1251.931
2020-05-22,1247.605,1230.659
2020-05-25,1223.866,1212.087
2020-05-26,1217.622,1272.661
2020-05-27,1271.457,1253.272
2020-05-28,1251.059,1232.22
2020-05-29,1227.2,1246.111
2020-06-01,1257.966,1300.741
2020-06-02,1305.797,1305.637
2020-06-03,1305.734,1294.28
2020-06-04,1295.155,1299.803
2020-06-05,1300.254,1297.306
2020-06-08,1306.497,1280.053
2020-06-09,1277.447,1278.507
2020-06-10,1278.074,1269.978
2020-06-11,1270.724,1273.59
2020-06-12,1246.803,1262.29
2020-06-15,1262.476,1249.909
2020-06-16,1259.086,1289.135
2020-06-17,1291.035,1291.117
2020-06-18,1289.765,1302.371
2020-06-19,1301.021,1325.147
2020-06-22,1347.942,1371.207
2020-06-23,1365.329,1407.193
2020-06-24,1408.548,1424.277
2020-06-29,1415.911,1401.644
2020-06-30,1410.577,1447.886
2020-07-01,1453.252,1439.878
2020-07-02,1439.009,1437.052
2020-07-03,1435.082,1438.585
2020-07-06,1445.607,1538.402
2020-07-07,1550.296,1572.189
2020-07-08,1572.776,1599.905
2020-07-09,1596.984,1666.85
2020-07-10,1653.505,1654.827
2020-07-13,1647.183,1721.976
2020-07-14,1714.871,1701.583
2020-07-15,1702.581,1612.035
2020-07-16,1606.435,1469.798
2020-07-17,1475.464,1443.397
2020-07-20,1459.784,1459.034
2020-07-21,1456.487,1490.171
2020-07-22,1474.015,1497.231
2020-07-23,1487.197,1494.139
2020-07-24,1467.103,1389.305
2020-07-27,1396.488,1374.519
2020-07-28,1385.793,1400.535
2020-07-29,1400.92,1476.925
2020-07-30,1484.43,1472.792
2020-07-31,1469.1,1512.977
2020-08-03,1533.227,1622.813
2020-08-04,1620.795,1566.055
2020-08-05,1592.388,1588.622
2020-08-06,1582.475,1573.869
2020-08-07,1561.856,1526.804
2020-08-10,1520.103,1535.597
2020-08-11,1531.605,1491.841
2020-08-12,1485.557,1458.643
2020-08-13,1465.605,1468.229
2020-08-14,1466.795,1484.041
2020-08-17,1486.813,1496.4
2020-08-18,1496.421,1512.509
2020-08-19,1516.976,1472.021
2020-08-20,1460.035,1442.579
2020-08-21,1447.801,1447.714
2020-08-24,1453.492,1450.667
2020-08-25,1449.538,1427.705
2020-08-26,1422.003,1383.305
2020-08-27,1389.94,1417.559
2020-08-28,1415.649,1413.637
2020-08-31,1417.664,1423.236
2020-09-01,1424.433,1426.651
2020-09-02,1430.867,1422.953
2020-09-03,1422.415,1402.144
2020-09-04,1377.394,1390.284
2020-09-07,1387.493,1356.699
2020-09-08,1356.821,1344.613
2020-09-09,1331.429,1298.079
2020-09-10,1309.316,1280.189
2020-09-11,1279.841,1312.512
2020-09-14,1334.985,1348.07
2020-09-15,1348.788,1364.603
2020-09-16,1363.319,1349.672
2020-09-17,1347.454,1383.59
2020-09-18,1386.382,1403.899
2020-09-21,1407.069,1397.746
2020-09-22,1389.783,1390.086
2020-09-23,1401.375,1423.904
2020-09-24,1412.157,1394.926
2020-09-25,1399.388,1364.025
2020-09-28,1367.462,1338.952
2020-09-29,1345.991,1389.963
2020-09-30,1394.863,1418.796
2020-10-09,1446.516,1465.959
2020-10-12,1475.258,1490.575
2020-10-13,1491.855,1497.596
2020-10-14,1495.34,1488.67
2020-10-15,1489.381,1453.789
2020-10-16,1457.151,1438.528
2020-10-19,1444.841,1412.148
2020-10-20,1413.866,1426.181
2020-10-21,1427.236,1396.977
2020-10-22,1395.131,1376.581
2020-10-23,1380.37,1336.527
2020-10-26,1332.684,1356.107
2020-10-27,1359.176,1385.745
2020-10-28,1396.56,1406.075
2020-10-29,1394.28,1412.055
2020-10-30,1413.511,1393.91
2020-11-02,1402.083,1400.912
2020-11-03,1403.643,1449.007
2020-11-04,1454.73,1458.896
2020-11-05,1477.614,1475.375
2020-11-06,1477.528,1441.474
2020-11-09,1446.472,1485.148
2020-11-10,1483.656,1441.965
2020-11-11,1440.779,1395.51
2020-11-12,1404.81,1413.294
2020-11-13,1406.685,1436.887
2020-11-16,1520.274,1446.951
2020-11-17,1455.231,1430.809
2020-11-18,1431.659,1419.226
2020-11-19,1415.637,1435.925
2020-11-20,1433.947,1430.72
2020-11-23,1429.389,1418.102
2020-11-24,1412.025,1412.747
2020-11-25,1414.189,1388.364
2020-11-26,1386.214,1385.31
2020-11-27,1386.655,1387.769
2020-11-30,1392.954,1385.483
2020-12-01,1386.578,1404.238
2020-12-02,1408.67,1408.488
2020-12-03,1410.435,1410.829
2020-12-04,1409.592,1404.866
2020-12-07,1410.498,1406.194
2020-12-08,1405.719,1398.73
2020-12-09,1400.567,1365.038
2020-12-10,1363.003,1360.184
2020-12-11,1362.344,1362.961
2020-12-14,1361.607,1375.064
2020-12-15,1373.959,1363.183
2020-12-16,1357.222,1345.133
2020-12-17,1343.281,1363.36
2020-12-18,1381.482,1361.108
2020-12-21,1359.685,1388.669
2020-12-22,1383.289,1358.619
2020-12-23,1359.728,1376.595
2020-12-24,1378.384,1348.013
2020-12-25,1348.472,1349.793
2020-12-28,1345.299,1339.007
2020-12-29,1338.24,1337.47
2020-12-30,1336.72,1362.911
2020-12-31,1370.441,1393.027
2021-01-04,1398.956,1422.125
2021-01-05,1413.182,1425.16
2021-01-06,1430.068,1415.022
2021-01-07,1414.897,1381.942
2021-01-08,1382.149,1378.74
2021-01-11,1385.353,1390.655
2021-01-12,1389.467,1405.223
2021-01-13,1412.073,1407.415
2021-01-14,1406.05,1447.267
2021-01-15,1450.857,1447.583
2021-01-18,1443.82,1481.249
2021-01-19,1485.463,1443.921
2021-01-20,1450.718,1481.453
2021-01-21,1485.65,1482.285
2021-01-22,1482.646,1486.308
2021-01-25,1481.738,1498.595
2021-01-26,1497.999,1478.451
2021-01-27,1481.486,1458.372
2021-01-28,1441.398,1421.587
2021-01-29,1435.284,1421.962
2021-02-01,1419.18,1421.481
2021-02-02,1419.711,1438.059
2021-02-03,1436.004,1410.147
2021-02-04,1402.089,1394.097
2021-02-05,1396.125,1368.8
2021-02-08,1371.754,1382.482
2021-02-09,1389.065,1427.682
2021-02-10,1424.774,1437.025
2021-02-18,1457.797,1429.74
2021-02-19,1426.101,1427.907
2021-02-22,1431.558,1389.916
2021-02-23,1371.627,1390.527
2021-02-24,1393.719,1365.637
2021-02-25,1373.844,1349.711
2021-02-26,1319.89,1325.587
2021-03-01,1339.994,1358.141
2021-03-02,1373.032,1352.044
2021-03-03,1350.007,1359.398
2021-03-04,1358.283,1324.158
2021-03-05,1307.064,1329.839
2021-03-08,1337.021,1275.456
2021-03-09,1275.323,1230.137
2021-03-10,1251.183,1232.735
2021-03-11,1241.103,1267.301
2021-03-12,1268.442,1261.325
2021-03-15,1254.675,1223.39
2021-03-16,1223.796,1220.367
2021-03-17,1220.446,1236.541
2021-03-18,1241.563,1241.31
2021-03-19,1226.414,1231.292
2021-03-22,1229.467,1242.756
2021-03-23,1246.361,1236.474
2021-03-24,1228.605,1221.447
2021-03-25,1212.83,1219.71
2021-03-26,1224.644,1256.664
2021-03-29,1262.291,1250.77
2021-03-30,1250.282,1248.342
2021-03-31,1248.161,1248.332
2021-04-01,1250.998,1266.745
2021-04-02,1276.034,1299.92
2021-04-06,1304.642,1296.62
2021-04-07,1296.817,1298.785
2021-04-08,1293.641,1291.857
2021-04-09,1290.315,1271.443
2021-04-12,1269.017,1243.496
2021-04-13,1242.758,1241.398
2021-04-14,1243.245,1254.71
2021-04-15,1250.359,1264.158
2021-04-16,1265.15,1274.702
2021-04-19,1273.08,1299.007
2021-04-20,1295.611,1290.503
2021-04-21,1285.312,1286.855
2021-04-22,1288.583,1305.181
2021-04-23,1303.293,1311.827
2021-04-26,1315.515,1314.907
2021-04-27,1310.659,1311.913
2021-04-28,1318.548,1324.236
2021-04-29,1320.888,1324.055
2021-04-30,1319.008,1322.24
2021-05-06,1321.214,1310.125
2021-05-07,1311.657,1263.897
2021-05-10,1262.484,1254.486
2021-05-11,1243.809,1258.107
2021-05-12,1254.738,1270.908
2021-05-13,1257.867,1275.477
2021-05-14,1277.969,1300.535
2021-05-17,1303.083,1328.917
2021-05-18,1330.472,1321.641
2021-05-19,1320.68,1326.143
2021-05-20,1322.046,1329.791
2021-05-21,1334.601,1315.207
2021-05-24,1314.792,1330.872
2021-05-25,1329.676,1370.121
2021-05-26,1371.782,1364.037
2021-05-27,1362.947,1397.769
2021-05-28,1395.427,1386.039
2021-05-31,1398.193,1442.668
2021-06-01,1437.317,1460.543
2021-06-02,1461.736,1426.847
2021-06-03,1425.796,1414.534
2021-06-04,1406.315,1431.522
2021-06-07,1443.862,1433.565
2021-06-08,1443.745,1419.075
2021-06-09,1420.306,1427.321
2021-06-10,1427.871,1450.404
2021-06-11,1453.6,1436.276
2021-06-15,1442.087,1448.2
2021-06-16,1452.946,1406.47
2021-06-17,1409.047,1473.512
2021-06-18,1475.209,1494.701
2021-06-21,1485.66,1528.127
2021-06-22,1531.52,1523.363
2021-06-23,1530.636,1534.301
2021-06-24,1531.238,1504.808
2021-06-25,1505.287,1534.85
2021-06-28,1538.019,1562.98
2021-06-29,1567.883,1562.078
2021-06-30,1564.317,1588.217
2021-07-01,1587.527,1579.804
2021-07-02,1563.828,1538.158
2021-07-05,1545.679,1575.894
2021-07-06,1580.284,1532.792
2021-07-07,1523.827,1570.028
2021-07-08,1577.497,1610.775
2021-07-09,1598.281,1583.714
2021-07-12,1593.574,1601.606
2021-07-13,1602.119,1590.977
2021-07-14,1579.033,1556.72
2021-07-15,1549.277,1560.704
2021-07-16,1568.171,1525.234
2021-07-19,1514.83,1514.181
2021-07-20,1505.078,1522.627
2021-07-21,1528.598,1565.638
2021-07-22,1570.488,1582.132
2021-07-23,1593.314,1563.49
2021-07-26,1559.836,1556.979
2021-07-27,1556.933,1545.289
2021-07-28,1532.42,1518.703
2021-07-29,1554.134,1588.465
2021-07-30,1582.575,1591.219
2021-08-02,1594.033,1599.474
2021-08-03,1586.35,1564.193
2021-08-04,1566.446,1605.894
2021-08-05,1606.651,1604.807
2021-08-06,1630.303,1586.673
2021-08-09,1567.442,1574.438
2021-08-10,1574.012,1588.195
2021-08-11,1589.427,1578.789
2021-08-12,1572.146,1586.501
2021-08-13,1580.125,1552.781
2021-08-16,1547.395,1547.931
2021-08-17,1544.402,1509.247
2021-08-18,1514.459,1507.989
2021-08-19,1509.719,1546.11
2021-08-20,1537.912,1529.086
2021-08-23,1534.391,1564.111
2021-08-24,1567.7,1578.031
2021-08-25,1573.742,1542.776
2021-08-26,1546.324,1497.338
2021-08-27,1491.341,1480.314
2021-08-30,1487.897,1471.455
2021-08-31,1463.13,1441.174
2021-09-01,1437.264,1424.664
2021-09-02,1416.158,1399.482
2021-09-03,1399.465,1400.89
2021-09-06,1398.243,1438.995
2021-09-07,1435.734,1438.569
2021-09-08,1439.664,1412.723
2021-09-09,1414.073,1402.191
2021-09-10,1398.332,1426.814
2021-09-13,1426.54,1384.434
2021-09-14,1384.283,1396.669
2021-09-15,1395.611,1384.521
2021-09-16,1378.177,1351.425
2021-09-17,1349.342,1349.685
2021-09-22,1338.014,1355.281
2021-09-23,1359.672,1363.787
2021-09-24,1362.979,1375.0
2021-09-27,1386.524,1368.691
2021-09-28,1362.328,1354.096
2021-09-29,1344.887,1345.77
2021-09-30,1348.65,1368.716
2021-10-08,1378.531,1364.458
2021-10-11,1367.213,1349.771
2021-10-12,1348.225,1319.39
2021-10-13,1322.888,1344.763
2021-10-14,1346.989,1347.268
2021-10-15,1349.405,1363.164
2021-10-18,1366.554,1352.575
2021-10-19,1355.07,1366.791
2021-10-20,1370.213,1373.593
2021-10-21,1374.649,1362.405
2021-10-22,1367.059,1368.136
2021-10-25,1366.205,1380.309
2021-10-26,1379.785,1376.126
2021-10-27,1371.791,1361.817
2021-10-28,1359.073,1356.375
2021-10-29,1363.25,1396.195
2021-11-01,1398.585,1404.208
2021-11-02,1405.865,1405.641
2021-11-03,1408.196,1399.55
2021-11-04,1404.659,1410.742
2021-11-05,1416.243,1396.738
2021-11-08,1398.566,1400.795
2021-11-09,1404.89,1420.509
2021-11-10,1417.661,1420.452
2021-11-11,1418.484,1437.15
2021-11-12,1432.709,1440.157
2021-11-15,1441.407,1432.599
2021-11-16,1428.481,1421.275
2021-11-17,1420.988,1436.158
2021-11-18,1433.508,1423.97
2021-11-19,1424.759,1444.784
2021-11-22,1449.452,1479.988
2021-11-23,1477.668,1476.253
2021-11-24,1477.961,1472.225
2021-11-25,1472.636,1468.072
2021-11-26,1466.363,1459.932
2021-11-29,1448.498,1471.229
2021-11-30,1477.804,1475.713
2021-12-01,1473.521,1456.483
2021-12-02,1454.74,1429.5
2021-12-03,1432.229,1444.834
2021-12-06,1444.933,1405.771
2021-12-07,1412.997,1389.437
2021-12-08,1394.989,1415.374
2021-12-09,1417.344,1434.522
2021-12-10,1431.848,1435.703
2021-12-13,1439.187,1445.707
2021-12-14,1445.052,1439.469
2021-12-15,1439.116,1424.9
2021-12-16,1425.529,1425.929
2021-12-17,1426.792,1399.06
2021-12-20,1389.179,1363.956
2021-12-21,1366.273,1374.65
2021-12-22,1378.311,1375.03
2021-12-23,1375.83,1375.968
2021-12-24,1375.178,1358.73
2021-12-27,1356.41,1355.636
2021-12-28,1355.654,1369.619
2021-12-29,1370.494,1356.214
2021-12-30,1355.968,1375.56
2021-12-31,1384.278,1398.194
2022-01-04,1403.394,1364.99
2022-01-05,1364.014,1333.335
2022-01-06,1327.697,1320.935
2022-01-07,1322.892,1305.492
2022-01-10,1306.597,1318.267
2022-01-11,1317.924,1294.404
2022-01-12,1298.623,1316.353
2022-01-13,1319.187,1294.653
2022-01-14,1289.382,1312.292
2022-01-17,1317.385,1338.317
2022-01-18,1340.414,1342.356
2022-01-19,1340.713,1324.089
2022-01-20,1326.638,1306.023
2022-01-21,1304.158,1290.406
2022-01-24,1286.139,1307.742
2022-01-25,1303.93,1277.004
2022-01-26,1281.511,1276.362
2022-01-27,1274.627,1240.554
2022-01-28,1253.942,1229.224
2022-02-07,1247.585,1233.618
2022-02-08,1233.657,1204.054
2022-02-09,1204.241,1210.286
2022-02-10,1214.982,1188.197
2022-02-11,1182.869,1169.59
2022-02-14,1161.845,1169.442
2022-02-15,1172.771,1203.124
2022-02-16,1210.416,1197.562
2022-02-17,1196.598,1207.821
2022-02-18,1200.343,1204.371
2022-02-21,1207.148,1193.601
2022-02-22,1184.835,1183.982
2022-02-23,1182.422,1231.077
2022-02-24,1226.948,1214.989
2022-02-25,1231.541,1240.878
2022-02-28,1243.98,1249.585
2022-03-01,1254.57,1239.019
2022-03-02,1233.104,1230.278
2022-03-03,1235.958,1209.819
2022-03-04,1201.124,1203.089
2022-03-07,1198.012,1169.983
2022-03-08,1167.594,1137.075
2022-03-09,1148.182,1129.647
2022-03-10,1161.988,1153.358
2022-03-11,1137.607,1161.21
2022-03-14,1151.966,1126.282
2022-03-15,1115.187,1093.433
2022-03-16,1115.841,1125.485
2022-03-17,1144.976,1142.713
2022-03-18,1136.984,1144.321
2022-03-21,1143.547,1152.326
2022-03-22,1145.082,1134.318
2022-03-23,1138.73,1144.089
2022-03-24,1135.847,1134.57
2022-03-25,1137.797,1106.863
2022-03-28,1097.87,1090.734
2022-03-29,1097.357,1079.933
2022-03-30,1084.764,1112.519
2022-03-31,1109.553,1091.059
2022-04-01,1085.306,1089.195
2022-04-06,1087.755,1058.493
2022-04-07,1050.434,1036.074
2022-04-08,1032.838,1027.244
2022-04-11,1022.912,988.761
2022-04-12,987.451,994.438
2022-04-13,989.663,964.832
2022-04-14,972.237,975.574
2022-04-15,968.907,973.363
2022-04-18,969.06,1004.608
2022-04-19,1002.976,989.933
2022-04-20,988.751,973.51
2022-04-21,968.477,957.717
2022-04-22,953.641,942.069
2022-04-25,924.96,884.305
2022-04-26,884.18,868.067
2022-04-27,857.381,906.433
2022-04-28,899.661,903.064
2022-04-29,910.136,947.151
2022-05-05,944.554,956.127
2022-05-06,933.011,942.227
2022-05-09,938.393,946.725
2022-05-10,935.059,972.141
2022-05-11,974.537,1002.456
2022-05-12,999.538,1013.063
2022-05-13,1020.392,1010.804
2022-05-16,1016.941,996.506
2022-05-17,995.974,1010.37
2022-05-18,1011.526,1013.997
2022-05-19,1002.656,1036.341
2022-05-20,1045.69,1045.377
2022-05-23,1044.184,1046.146
2022-05-24,1045.007,996.648
2022-05-25,996.753,1006.523
2022-05-26,1006.1,1004.256
2022-05-27,1008.058,993.699
2022-05-30,995.956,1001.54
2022-05-31,1004.081,1035.316
2022-06-01,1029.091,1031.583
2022-06-02,1028.686,1079.854
2022-06-06,1084.656,1121.537
2022-06-07,1124.162,1111.395
2022-06-08,1108.594,1111.674
2022-06-09,1108.931,1081.173
2022-06-10,1074.072,1102.849
2022-06-13,1088.76,1088.377
2022-06-14,1073.748,1070.537
2022-06-15,1069.938,1062.713
2022-06-16,1065.69,1078.947
2022-06-17,1070.618,1092.087
2022-06-20,1099.465,1095.328
2022-06-21,1094.328,1083.021
2022-06-22,1084.711,1063.69
2022-06-23,1064.731,1081.844
2022-06-24,1084.609,1101.477
2022-06-27,1113.217,1103.399
2022-06-28,1105.115,1117.284
2022-06-29,1112.591,1090.683
2022-06-30,1092.459,1105.667
2022-07-01,1105.974,1089.029
2022-07-04,1087.344,1095.09
2022-07-05,1100.178,1090.93
2022-07-06,1092.701,1101.749
2022-07-07,1103.78,1111.673
2022-07-08,1117.183,1104.022
2022-07-11,1098.666,1081.163
2022-07-12,1081.902,1049.241
2022-07-13,1051.778,1052.792
2022-07-14,1052.431,1076.807
2022-07-15,1072.993,1072.262
2022-07-18,1075.709,1069.332
2022-07-19,1068.693,1061.853
2022-07-20,1066.2,1079.527
2022-07-21,1080.647,1091.407
2022-07-22,1099.623,1084.974
2022-07-25,1082.617,1073.761
2022-07-26,1072.544,1084.657
2022-07-27,1083.671,1095.699
2022-07-28,1102.438,1108.791
2022-07-29,1113.078,1088.913
2022-08-01,1081.623,1100.182
2022-08-02,1084.981,1094.915
2022-08-03,1099.441,1100.348
2022-08-04,1106.151,1110.917
2022-08-05,1115.016,1157.333
2022-08-08,1161.043,1152.577
2022-08-09,1152.914,1162.32
2022-08-10,1154.174,1156.156
2022-08-11,1163.539,1173.144
2022-08-12,1169.662,1146.191
2022-08-15,1145.022,1143.747
2022-08-16,1143.705,1137.302
2022-08-17,1136.802,1132.312
2022-08-18,1132.602,1146.634
2022-08-19,1146.327,1108.452
2022-08-22,1103.153,1107.281
2022-08-23,1109.253,1107.3
2022-08-24,1110.007,1068.983
2022-08-25,1071.981,1055.889
2022-08-26,1064.712,1045.994
2022-08-29,1032.041,1054.285
2022-08-30,1054.256,1050.282
2022-08-31,1048.401,1029.656
2022-09-01,1032.775,1025.66
2022-09-02,1027.468,1030.12
2022-09-05,1030.596,1024.393
2022-09-06,1025.858,1035.784
2022-09-07,1032.025,1049.579
2022-09-08,1050.319,1040.773
2022-09-09,1039.588,1033.784
2022-09-13,1034.497,1031.17
2022-09-14,1018.074,1031.304
2022-09-15,1035.764,1000.081
2022-09-16,997.358,998.518
2022-09-19,997.526,975.548
2022-09-20,982.368,985.151
2022-09-21,980.621,970.393
2022-09-22,964.959,975.869
2022-09-23,975.578,960.94
2022-09-26,955.041,961.829
2022-09-27,963.488,976.445
2022-09-28,973.475,956.188
2022-09-29,962.448,961.475
2022-09-30,956.405,939.376
2022-10-10,933.021,897.335
2022-10-11,898.367,892.739
2022-10-12,890.286,924.914
2022-10-13,917.397,926.52
2022-10-14,936.422,954.924
2022-10-17,948.642,963.224
2022-10-18,964.97,960.0
2022-10-19,957.733,949.498
2022-10-20,944.161,963.952
2022-10-21,961.484,967.98
2022-10-24,967.565,969.493
2022-10-25,962.973,971.334
2022-10-26,972.452,1003.255
2022-10-27,1008.706,1004.909
2022-10-28,996.612,993.721
2022-10-31,991.887,1010.327
2022-11-01,1011.964,1024.522
2022-11-02,1020.074,1037.179
2022-11-03,1028.433,1048.07
2022-11-04,1048.891,1072.87
2022-11-07,1070.145,1061.351
2022-11-08,1061.712,1051.709
2022-11-09,1049.721,1037.527
2022-11-10,1033.129,1023.064
2022-11-11,1053.859,1023.265
2022-11-14,1021.409,1022.913
2022-11-15,1022.041,1052.045
2022-11-16,1052.414,1036.492
2022-11-17,1029.315,1041.673
2022-11-18,1039.855,1031.992
2022-11-21,1023.901,1032.472
2022-11-22,1029.503,1017.822
2022-11-23,1014.738,1017.016
2022-11-24,1019.177,1015.355
2022-11-25,1012.797,999.988
2022-11-28,983.594,992.812
2022-11-29,995.34,1002.447
2022-11-30,999.613,1000.263
2022-12-01,1008.707,1009.332
2022-12-02,1005.632,1008.145
2022-12-05,1011.281,1003.6
2022-12-06,1003.306,1003.136
2022-12-07,999.278,1000.475
2022-12-08,999.748,997.315
2022-12-09,998.739,1001.686
2022-12-12,1000.289,1004.622
2022-12-13,1002.54,989.307
2022-12-14,1003.566,984.219
2022-12-15,985.152,989.198
2022-12-16,984.252,978.361
2022-12-19,973.598,956.186
2022-12-20,955.078,952.767
2022-12-21,950.561,940.835
2022-12-22,944.573,930.805
2022-12-23,925.141,920.351
2022-12-26,920.735,951.11
2022-12-27,951.856,963.136
2022-12-28,960.388,957.274
2022-12-29,956.098,962.253
2022-12-30,963.294,959.905
2023-01-03,960.509,979.913
2023-01-04,982.026,972.378
2023-01-05,972.606,983.52
2023-01-06,985.994,991.095
2023-01-09,994.74,988.669
2023-01-10,989.849,990.315
2023-01-11,990.145,973.962
2023-01-12,978.361,974.194
2023-01-13,976.58,974.312
2023-01-16,972.703,992.613
2023-01-17,994.642,1003.677
2023-01-18,1006.688,1006.746
2023-01-19,1004.786,1023.651
2023-01-20,1025.004,1029.135
2023-01-30,1046.437,1031.61
2023-01-31,1027.819,1014.358
2023-02-01,1016.311,1026.398
2023-02-02,1030.335,1031.68
2023-02-03,1029.118,1033.87
2023-02-06,1031.918,1024.426
2023-02-07,1024.237,1020.166
2023-02-08,1021.161,1010.694
2023-02-09,1007.839,1036.861
2023-02-10,1034.218,1024.538
2023-02-13,1020.55,1024.036
2023-02-14,1026.45,1022.669
2023-02-15,1022.794,1024.217
2023-02-16,1024.121,1005.18
2023-02-17,1002.082,986.335
2023-02-20,985.113,998.832
2023-02-21,997.554,995.725
2023-02-22,988.789,989.653
2023-02-23,988.196,992.462
2023-02-24,996.028,990.632
2023-02-27,988.108,986.282
2023-02-28,991.44,990.467
2023-03-01,989.108,994.634
2023-03-02,994.544,988.894
2023-03-03,996.1,998.901
2023-03-06,999.724,1007.635
2023-03-07,1005.619,990.575
2023-03-08,989.707,994.886
2023-03-09,996.563,998.303
2023-03-10,990.9,993.552
2023-03-13,992.942,998.907
2023-03-14,997.77,1013.391
2023-03-15,1016.178,1007.304
2023-03-16,1001.517,992.435
2023-03-17,1002.366,1015.758
2023-03-20,1016.229,1025.321
2023-03-21,1024.533,1030.186
2023-03-22,1031.614,1034.049
2023-03-23,1030.466,1058.988
2023-03-24,1058.119,1060.987
2023-03-27,1057.172,1057.487
2023-03-28,1059.666,1038.625
2023-03-29,1039.795,1062.136
2023-03-30,1065.387,1065.69
2023-03-31,1063.288,1081.541
2023-04-03,1093.075,1126.489
2023-04-04,1122.383,1129.084
2023-04-06,1127.032,1146.964
2023-04-07,1149.536,1161.021
2023-04-10,1164.983,1129.172
2023-04-11,1132.222,1121.74
2023-04-12,1118.129,1129.406
2023-04-13,1122.371,1100.126
2023-04-14,1107.625,1136.213
2023-04-17,1134.051,1140.13
2023-04-18,1130.813,1129.817
2023-04-19,1131.74,1134.404
2023-04-20,1134.938,1164.948
2023-04-21,1162.938,1116.825
2023-04-24,1116.666,1096.378
2023-04-25,1095.946,1076.865
2023-04-26,1072.696,1069.005
2023-04-27,1063.53,1068.012
2023-04-28,1060.706,1087.869
2023-05-04,1077.852,1064.205
2023-05-05,1062.663,1049.089
2023-05-08,1050.1,1057.214
2023-05-09,1058.373,1034.213
2023-05-10,1031.129,1025.706
2023-05-11,1035.183,1025.971
2023-05-12,1028.36,1014.105
2023-05-15,1013.526,1025.785
2023-05-16,1029.33,1025.866
2023-05-17,1025.447,1029.65
2023-05-18,1031.404,1034.822
2023-05-19,1040.346,1040.161
2023-05-22,1040.829,1032.112
2023-05-23,1029.144,1016.106
2023-05-24,1011.124,1011.774
2023-05-25,1016.916,1021.719
2023-05-26,1023.858,1038.661
2023-05-29,1041.27,1028.38
2023-05-30,1025.826,1044.425
2023-05-31,1040.339,1053.91
2023-06-01,1048.954,1053.549
2023-06-02,1055.948,1053.291
2023-06-05,1063.15,1051.734
2023-06-06,1047.919,1022.984
2023-06-07,1023.95,1019.051
2023-06-08,1012.656,1007.12
2023-06-09,1008.903,1032.551
2023-06-12,1030.258,1026.639
2023-06-13,1025.21,1039.463
2023-06-14,1038.89,1035.314
2023-06-15,1036.311,1033.85
2023-06-16,1034.425,1052.883
2023-06-19,1053.343,1055.454
2023-06-20,1054.511,1055.412
2023-06-21,1050.124,1020.222
2023-06-26,1011.149,1010.314
2023-06-27,1011.082,1011.352
2023-06-28,1017.081,1008.219
2023-06-29,1004.543,1001.458
2023-06-30,999.182,1005.15
2023-07-03,1006.577,1008.399
2023-07-04,1008.433,1015.396
2023-07-05,1013.379,1005.732
2023-07-06,1004.667,1002.111
2023-07-07,1001.016,991.849
2023-07-10,992.744,993.731
2023-07-11,996.559,1001.414
2023-07-12,999.236,984.981
2023-07-13,988.697,995.973
2023-07-14,999.789,991.559
2023-07-17,988.881,984.821
2023-07-18,985.244,980.019
2023-07-19,986.998,975.115
2023-07-20,978.384,961.13
2023-07-21,958.886,955.549
2023-07-24,953.965,950.552
2023-07-25,961.522,964.396
2023-07-26,963.554,961.597
2023-07-27,962.609,952.296
2023-07-28,950.515,962.645
2023-07-31,961.689,968.994
2023-08-01,969.405,969.683
2023-08-02,967.687,968.439
2023-08-03,962.55,970.373
2023-08-04,972.484,975.778
2023-08-07,973.289,968.898
2023-08-08,967.433,965.532
2023-08-09,961.504,957.369
2023-08-10,957.218,959.17
2023-08-11,960.095,938.765
2023-08-14,932.092,930.495
2023-08-15,933.057,917.45
2023-08-16,916.586,901.787
2023-08-17,899.799,910.378
2023-08-18,924.296,904.249
2023-08-21,900.224,892.093
2023-08-22,896.745,901.128
2023-08-23,899.961,879.459
2023-08-24,883.799,885.476
2023-08-25,880.167,870.399
2023-08-28,926.0,880.191
2023-08-29,878.78,916.455
2023-08-30,935.818,939.648
2023-08-31,936.195,942.613
2023-09-01,944.251,934.787
2023-09-04,935.821,942.428
2023-09-05,942.556,930.629
2023-09-06,926.25,934.604
2023-09-07,929.358,899.828
2023-09-08,895.504,901.506
2023-09-11,901.542,907.505
2023-09-12,905.915,901.622
2023-09-13,900.004,889.132
2023-09-14,888.26,880.802
2023-09-15,883.074,887.013
2023-09-18,881.383,879.534
2023-09-19,879.345,873.618
2023-09-20,870.032,866.023
2023-09-21,862.638,860.394
2023-09-22,860.728,882.878
2023-09-25,880.317,874.555
2023-09-26,876.258,876.051
2023-09-27,875.435,880.17
2023-09-28,880.394,887.8
2023-10-09,884.204,887.212
2023-10-10,888.146,882.044
2023-10-11,885.628,893.449
2023-10-12,896.002,899.984
2023-10-13,895.468,891.72
2023-10-16,890.483,874.026
2023-10-17,874.282,882.191
2023-10-18,884.706,869.762
2023-10-19,864.459,870.101
2023-10-20,865.775,861.809
2023-10-23,857.482,840.144
2023-10-24,844.085,850.614
2023-10-25,859.765,848.646
2023-10-26,841.987,849.309
2023-10-27,843.877,861.852
2023-10-30,862.117,878.129
2023-10-31,882.427,874.406
2023-11-01,874.04,869.918
2023-11-02,871.551,859.932
2023-11-03,861.545,875.373
2023-11-06,880.603,890.207
2023-11-07,887.204,891.456
2023-11-08,890.873,899.626
2023-11-09,897.931,893.798
2023-11-10,888.987,889.75
2023-11-13,893.5,896.551
2023-11-14,895.814,904.341
2023-11-15,912.627,902.18
2023-11-16,898.744,887.111
2023-11-17,886.673,891.38
2023-11-20,890.898,892.631
2023-11-21,892.92,884.895
2023-11-22,881.957,870.76
2023-11-23,869.853,877.77
2023-11-24,875.58,864.774
2023-11-27,864.267,868.03
2023-11-28,868.812,871.906
2023-11-29,870.4,862.036
2023-11-30,861.51,865.685
2023-12-01,863.334,867.537
2023-12-04,867.834,861.92
2023-12-05,859.485,845.8
2023-12-06,843.815,848.791
2023-12-07,847.102,847.476
2023-12-08,849.161,868.234
2023-12-11,859.974,878.516
2023-12-12,876.69,869.967
2023-12-13,868.866,861.251
2023-12-14,865.092,855.898
2023-12-15,857.01,847.507
2023-12-18,845.538,840.681
2023-12-19,839.644,845.859
2023-12-20,847.272,835.713
2023-12-21,832.37,847.817
2023-12-22,846.666,843.318
2023-12-25,840.379,837.222
2023-12-26,836.531,825.258
2023-12-27,826.831,830.057
2023-12-28,828.401,850.385
2023-12-29,849.611,852.005
2024-01-02,850.969,839.801
2024-01-03,838.302,829.772
2024-01-04,831.23,823.848
2024-01-05,820.397,807.729
2024-01-08,802.895,784.433
2024-01-09,786.48,782.926
2024-01-10,779.08,777.153
2024-01-11,775.372,789.864
2024-01-12,788.025,778.358
2024-01-15,774.957,773.405
2024-01-16,771.841,777.403
2024-01-17,775.864,757.045
2024-01-18,752.286,768.282
2024-01-19,767.239,765.47
2024-01-22,763.601,742.227
2024-01-23,738.383,749.743
2024-01-24,753.01,750.275
2024-01-25,749.133,765.791
2024-01-26,759.938,746.096
2024-01-29,748.264,725.308
2024-01-30,720.193,697.845
2024-01-31,693.847,684.852
2024-02-01,680.718,690.005
2024-02-02,693.02,673.407
2024-02-05,675.396,676.793
2024-02-06,675.453,720.8
2024-02-07,723.312,743.423
2024-02-08,749.639,751.504
2024-02-19,762.644,763.316
2024-02-20,756.084,754.702
2024-02-21,747.25,755.155
2024-02-22,757.262,762.382
2024-02-23,768.509,764.482
2024-02-26,764.033,768.488
2024-02-27,763.665,796.907
2024-02-28,797.825,771.592
2024-02-29,769.557,807.707
2024-03-01,809.401,815.487
2024-03-04,819.958,818.513
2024-03-05,812.621,817.772
2024-03-06,816.145,811.899
2024-03-07,814.168,794.239
2024-03-08,795.322,803.2
2024-03-11,800.899,818.439
2024-03-12,818.516,817.75
2024-03-13,821.323,814.932
2024-03-14,811.514,804.856
2024-03-15,802.911,808.674
2024-03-18,810.387,825.4
2024-03-19,822.182,811.774
2024-03-20,810.689,814.027
2024-03-21,820.143,806.138
2024-03-22,804.023,794.201
2024-03-25,792.846,781.646
2024-03-26,781.727,772.089
2024-03-27,771.545,752.821
2024-03-28,753.896,763.275
2024-03-29,761.651,762.742
2024-04-01,765.633,775.526
2024-04-02,774.727,768.787
2024-04-03,768.214,756.764
2024-04-08,753.835,740.665
2024-04-09,739.392,749.626
2024-04-10,749.225,735.734
2024-04-11,735.67,738.674
2024-04-12,742.929,738.43
2024-04-15,739.198,750.899
2024-04-16,746.881,733.147
2024-04-17,737.658,750.888
2024-04-18,747.132,745.695
2024-04-19,741.285,730.562
2024-04-22,723.408,731.811
2024-04-23,732.868,727.853
2024-04-24,731.711,738.635
2024-04-25,735.563,733.344
2024-04-26,733.016,752.25
2024-04-29,752.924,776.154
2024-04-30,773.844,767.464
2024-05-06,778.988,777.663
2024-05-07,776.824,769.792
2024-05-08,769.688,761.658
2024-05-09,762.401,778.873
2024-05-10,778.152,767.172
2024-05-13,760.098,763.69
2024-05-14,766.645,760.305
2024-05-15,758.8,749.474
2024-05-16,753.452,746.472
2024-05-17,743.795,754.418
2024-05-20,752.202,753.542
2024-05-21,752.288,748.235
2024-05-22,749.909,754.973
2024-05-23,754.403,742.396
2024-05-24,741.677,727.207
2024-05-27,726.366,738.653
2024-05-28,736.7,734.849
2024-05-29,734.288,734.333
2024-05-30,733.547,742.704
2024-05-31,743.177,743.228
2024-06-03,743.608,750.427
2024-06-04,748.302,753.638
2024-06-05,752.049,752.045
2024-06-06,756.788,743.229
2024-06-07,744.385,737.926
2024-06-11,735.838,755.835
2024-06-12,758.382,754.933
2024-06-13,758.606,758.982
2024-06-14,756.411,754.261
2024-06-17,749.943,757.106
2024-06-18,757.852,756.904
2024-06-19,758.41,751.688
2024-06-20,752.153,755.151
2024-06-21,749.733,758.374
2024-06-24,754.413,739.142
2024-06-25,738.324,717.749
2024-06-26,719.84,729.644
2024-06-27,725.52,715.357
2024-06-28,713.363,712.077
2024-07-01,711.655,709.603
2024-07-02,709.155,699.123
2024-07-03,698.958,701.785
2024-07-04,702.089,690.376
2024-07-05,688.529,698.849
2024-07-08,700.024,692.488
2024-07-09,689.787,709.888
2024-07-10,707.194,710.369
2024-07-11,722.043,718.04
2024-07-12,713.312,718.37
2024-07-15,716.475,715.864
2024-07-16,712.758,732.064
2024-07-17,733.073,729.002
2024-07-18,721.765,735.41
2024-07-19,731.409,749.471
2024-07-22,749.316,752.001
2024-07-23,750.129,721.108
2024-07-24,720.47,713.321
2024-07-25,708.936,713.883
2024-07-26,713.893,719.87
2024-07-29,719.554,707.597
2024-07-30,706.857,710.015
2024-07-31,707.66,743.374
2024-08-01,745.964,738.871
2024-08-02,730.652,725.66
2024-08-05,719.156,704.296
2024-08-06,714.489,713.864
2024-08-07,712.736,707.588
2024-08-08,703.055,708.923
2024-08-09,717.138,705.546
2024-08-12,704.375,707.331
2024-08-13,707.695,710.747
2024-08-14,711.664,700.93
2024-08-15,699.094,707.551
2024-08-16,707.387,705.224
2024-08-19,705.039,703.322
2024-08-20,704.116,693.523
2024-08-21,691.134,691.636
2024-08-22,692.189,685.531
2024-08-23,683.587,685.759
2024-08-26,684.773,682.499
2024-08-27,679.753,674.347
2024-08-28,672.967,671.22
2024-08-29,667.882,679.595
2024-08-30,678.613,694.164
2024-09-02,693.675,670.011
2024-09-03,670.065,674.955
2024-09-04,668.931,672.284
2024-09-05,672.995,671.265
2024-09-06,672.621,662.337
2024-09-09,659.502,654.939
2024-09-10,656.036,660.014
2024-09-11,657.386,664.332
2024-09-12,666.218,658.854
2024-09-13,658.983,655.046
2024-09-18,654.511,647.409
2024-09-19,649.726,651.466
2024-09-20,651.821,648.36
2024-09-23,649.003,643.042
2024-09-24,648.13,667.049
2024-09-25,673.181,667.338
2024-09-26,667.548,693.149
2024-09-27,704.522,740.016
2024-09-30,782.307,872.365
2024-10-08,1045.047,1023.967
2024-10-09,993.781,997.852
2024-10-10,1014.357,954.172
2024-10-11,939.571,898.899
2024-10-14,904.144,925.955
2024-10-15,920.986,898.827
2024-10-16,874.275,875.689
2024-10-17,897.2,879.096
2024-10-18,879.952,978.661
2024-10-21,999.535,1000.375
2024-10-22,988.701,985.834
2024-10-23,976.249,979.151
2024-10-24,968.993,977.601
2024-10-25,981.406,991.216
2024-10-28,988.434,986.56
2024-10-29,988.5,975.372
2024-10-30,967.841,958.822
2024-10-31,960.682,969.448
2024-11-01,960.211,939.765
2024-11-04,938.191,954.667
2024-11-05,954.141,996.169
2024-11-06,1002.063,998.095
2024-11-07,986.502,1028.439
2024-11-08,1053.452,1025.637
2024-11-11,1033.547,1073.835
2024-11-12,1070.644,1050.537
2024-11-13,1042.195,1061.366
2024-11-14,1056.21,1027.316
2024-11-15,1024.599,986.876
2024-11-18,989.403,968.713
2024-11-19,973.997,998.015
2024-11-20,992.673,1002.539
2024-11-21,1002.975,1011.463
2024-11-22,1011.644,969.353
2024-11-25,970.817,957.921
2024-11-26,955.579,951.593
2024-11-27,947.945,985.975
2024-11-28,985.787,983.684
2024-11-29,980.427,1007.391
2024-12-02,1008.71,1015.787
2024-12-03,1017.067,1005.265
2024-12-04,1020.082,999.358
2024-12-05,993.168,1001.844
2024-12-06,1004.77,1014.446
2024-12-09,1012.875,1003.382
2024-12-10,1051.528,1010.911
2024-12-11,1007.547,1007.188
2024-12-12,1008.136,1010.895
2024-12-13,1003.994,989.776
2024-12-16,990.575,975.268
2024-12-17,974.045,967.276
2024-12-18,970.463,981.513
2024-12-19,969.381,993.002
2024-12-20,990.058,1011.209
2024-12-23,1011.193,998.607
2024-12-24,1002.505,1014.017
2024-12-25,1018.57,1017.357
2024-12-26,1014.07,1027.023
2024-12-27,1026.707,1018.579
2024-12-30,1014.781,1020.633
2024-12-31,1020.522,988.935
2025-01-02,986.822,955.333
2025-01-03,955.722,941.819
2025-01-06,943.756,938.707
2025-01-07,938.599,965.53
2025-01-08,956.711,965.119
2025-01-09,962.235,961.439
2025-01-10,962.222,950.592
2025-01-13,938.382,952.186
2025-01-14,958.494,981.779
2025-01-15,976.13,977.661
2025-01-16,982.086,956.397
2025-01-17,949.843,965.903
2025-01-20,969.841,968.271
2025-01-21,973.909,976.296
2025-01-22,972.212,975.34
2025-01-23,987.265,966.106
2025-01-24,966.092,974.834
2025-01-27,972.189,955.09
2025-02-05,989.119,982.829
2025-02-06,977.019,1011.22
2025-02-07,1011.056,1018.799
2025-02-10,1023.02,1036.765
2025-02-11,1034.955,1024.412
2025-02-12,1026.872,1041.137
2025-02-13,1040.425,1017.088
2025-02-14,1012.612,1022.464
2025-02-17,1030.859,1037.307
2025-02-18,1034.63,1011.168
2025-02-19,1010.669,1034.571
2025-02-20,1034.787,1033.085
2025-02-21,1042.401,1094.774
2025-02-24,1093.03,1100.054
2025-02-25,1083.94,1102.901
2025-02-26,1108.584,1126.82
2025-02-27,1127.247,1126.287
2025-02-28,1118.521,1078.798
2025-03-03,1079.644,1062.351
2025-03-04,1052.468,1080.665
2025-03-05,1081.097,1083.817
2025-03-06,1100.442,1121.585
2025-03-07,1113.838,1107.623
2025-03-10,1107.31,1105.164
2025-03-11,1086.383,1100.742
2025-03-12,1107.957,1092.708
2025-03-13,1093.594,1069.703
2025-03-14,1070.796,1088.113
2025-03-17,1089.998,1083.213
2025-03-18,1087.345,1089.825
2025-03-19,1084.902,1076.937
2025-03-20,1075.132,1064.793
2025-03-21,1063.331,1042.893
2025-03-24,1042.33,1045.942
2025-03-25,1045.849,1031.697
2025-03-26,1029.807,1029.055
2025-03-27,1028.695,1040.57
2025-03-28,1037.756,1029.476
2025-03-31,1024.264,1022.714
2025-04-01,1027.961,1024.376
2025-04-02,1021.821,1022.748
2025-04-03,1011.605,1018.072
2025-04-07,960.489,924.173
2025-04-08,932.237,940.091
2025-04-09,922.862,980.569
2025-04-10,1003.683,991.224
2025-04-11,990.831,1011.709
2025-04-14,1018.258,1014.283
2025-04-15,1011.671,1006.34
2025-04-16,1016.755,1014.509
2025-04-17,1007.63,1016.812
2025-04-18,1011.511,1008.597
2025-04-21,1012.813,1019.411
2025-04-22,1018.42,1016.218
2025-04-23,1019.016,1012.648
2025-04-24,1012.335,1003.316
2025-04-25,1003.871,1004.572
2025-04-28,1004.048,1002.832
2025-04-29,996.967,1003.867
2025-04-30,1000.651,1012.417
2025-05-06,1016.437,1026.521
2025-05-07,1044.173,1030.186
2025-05-08,1024.966,1026.439
2025-05-09,1020.787,1006.319
2025-05-12,1008.961,1011.231
2025-05-13,1020.343,1009.682
2025-05-14,1014.095,1013.772
2025-05-15,1011.574,1000.969
2025-05-16,997.448,995.237
2025-05-19,994.281,995.255
2025-05-20,995.752,997.677
2025-05-21,996.656,995.487
2025-05-22,994.079,990.711
2025-05-23,989.711,980.578
2025-05-26,982.065,982.261
2025-05-27,982.019,972.92
2025-05-28,973.904,970.64
2025-05-29,972.257,986.302
2025-05-30,981.346,977.027
2025-06-03,977.23,981.71
2025-06-04,982.364,986.111
2025-06-05,987.529,996.407
2025-06-06,995.315,991.642
2025-06-09,991.308,997.612
2025-06-10,1004.554,982.904
2025-06-11,982.598,980.933
2025-06-12,978.686,977.973
2025-06-13,971.695,972.941
2025-06-16,968.186,970.891
2025-06-17,971.535,963.083
2025-06-18,962.245,968.179
2025-06-19,966.917,962.943
2025-06-20,963.783,957.872
2025-06-23,952.325,961.489
2025-06-24,963.79,978.714
2025-06-25,979.971,995.61
2025-06-26,995.575,989.972
2025-06-27,996.684,988.211
2025-06-30,992.297,1003.414
2025-07-01,1002.085,994.795
2025-07-02,992.383,982.636
2025-07-03,984.338,984.949
2025-07-04,984.528,984.802
2025-07-07,983.198,978.293
2025-07-08,978.905,991.948
2025-07-09,991.342,983.111
2025-07-10,981.735,979.989
2025-07-11,980.375,994.448
2025-07-14,995.288,992.389
2025-07-15,990.731,996.246
2025-07-16,996.332,997.63
2025-07-17,997.712,1005.648
2025-07-18,1008.133,1007.525
2025-07-21,1007.585,1007.894
2025-07-22,1007.513,1016.265
2025-07-23,1016.581,1020.855
2025-07-24,1019.72,1032.838
2025-07-25,1032.448,1054.196
2025-07-28,1054.906,1055.109
2025-07-29,1053.118,1070.448
2025-07-30,1065.939,1058.572
2025-07-31,1057.32,1047.87
2025-08-01,1047.375,1036.775
2025-08-04,1034.127,1049.406
2025-08-05,1048.714,1053.646
2025-08-06,1051.872,1059.761
2025-08-07,1059.845,1058.205
2025-08-08,1052.461,1043.537
2025-08-11,1043.227,1049.73
2025-08-12,1048.207,1069.809
2025-08-13,1069.522,1077.698
2025-08-14,1079.224,1085.736
2025-08-15,1079.161,1101.293
2025-08-18,1114.32,1124.822
2025-08-19,1122.639,1112.266
2025-08-20,1109.701,1148.147
2025-08-21,1150.98,1149.151
2025-08-22,1162.291,1247.862
2025-08-25,1282.054,1287.734
2025-08-26,1266.586,1270.871
2025-08-27,1285.444,1272.556
2025-08-28,1280.237,1364.605
2025-08-29,1335.647,1341.311
2025-09-01,1348.533,1357.148
2025-09-02,1353.944,1328.279
2025-09-03,1318.506,1306.479
2025-09-04,1301.976,1226.985
2025-09-05,1232.214,1268.552
2025-09-08,1266.475,1275.868
2025-09-09,1250.962,1245.528
2025-09-10,1253.504,1259.096
2025-09-11,1254.19,1326.033
2025-09-12,1324.844,1338.018
2025-09-15,1362.851,1340.397
2025-09-16,1347.196,1358.047
2025-09-17,1351.637,1370.43
2025-09-18,1385.503,1380.351
2025-09-19,1388.859,1362.649
2025-09-22,1361.255,1408.645
2025-09-23,1406.607,1407.302
2025-09-24,1395.374,1456.469
2025-09-25,1449.655,1474.487
2025-09-26,1461.953,1450.824
2025-09-29,1448.545,1470.414
2025-09-30,1488.293,1495.288
2025-10-09,1526.918,1539.081
2025-10-10,1511.164,1452.675
2025-10-13,1409.684,1473.017
2025-10-14,1488.048,1410.3
2025-10-15,1409.527,1429.997
2025-10-16,1419.553,1416.575
2025-10-17,1411.74,1363.168
2025-10-20,1390.71,1367.899
2025-10-21,1374.983,1406.318
2025-10-22,1392.588,1405.407
2025-10-23,1396.091,1401.256
2025-10-24,1421.209,1462.222
2025-10-27,1489.663,1484.206
2025-10-28,1470.484,1471.731
2025-10-29,1466.439,1489.123
2025-10-30,1485.937,1461.3
2025-10-31,1451.057,1415.525
2025-11-03,1403.456,1400.859
2025-11-04,1406.864,1387.239
2025-11-05,1355.722,1390.395
2025-11-06,1405.154,1436.858
2025-11-07,1420.229,1415.686
2025-11-10,1422.322,1407.558
2025-11-11,1416.858,1387.534
2025-11-12,1377.147,1379.452
2025-11-13,1376.369,1399.292
2025-11-14,1379.437,1361.232
2025-11-17,1363.478,1354.038
2025-11-18,1350.507,1357.926
2025-11-19,1355.131,1344.796
2025-11-20,1362.852,1328.186
2025-11-21,1300.479,1285.83
2025-11-24,1295.88,1296.602
2025-11-25,1309.674,1302.167
2025-11-26,1296.455,1315.041
2025-11-27,1325.849,1310.701
2025-11-28,1307.962,1327.149
2025-12-01,1329.422,1336.756
2025-12-02,1334.002,1320.156
2025-12-03,1317.582,1308.367
2025-12-04,1303.993,1326.165
2025-12-05,1319.723,1326.101
2025-12-08,1325.97,1350.795
2025-12-09,1338.845,1347.105
2025-12-10,1337.524,1346.703
2025-12-11,1349.669,1325.831
2025-12-12,1324.3,1348.881
2025-12-15,1333.361,1318.906
2025-12-16,1313.526,1293.382
2025-12-17,1294.697,1325.335
2025-12-18,1314.665,1305.966
2025-12-19,1314.75,1308.589
2025-12-22,1314.066,1335.245
2025-12-23,1333.539,1340.015
2025-12-24,1342.128,1352.126
2025-12-25,1347.784,1349.058
2025-12-26,1346.109,1345.827
2025-12-29,1345.98,1346.319
2025-12-30,1346.132,1359.873
2025-12-31,1367.166,1344.2
2026-01-05,1360.897,1403.414
2026-01-06,1401.789,1429.302
2026-01-07,1442.507,1443.388
2026-01-08,1441.186,1455.173
2026-01-09,1442.224,1475.968
2026-01-12,1490.499,1511.836
2026-01-13,1508.183,1469.57
2026-01-14,1479.295,1500.911
2026-01-15,1491.232,1493.945
2026-01-16,1509.7,1514.068
2026-01-19,1513.59,1506.857
2026-01-20,1508.367,1482.994
2026-01-21,1482.658,1535.393
2026-01-22,1563.38,1541.638
2026-01-23,1530.285,1553.707
2026-01-26,1556.568,1532.796
2026-01-27,1530.07,1555.978
2026-01-28,1566.188,1554.804
2026-01-29,1550.989,1507.64
2026-01-30,1501.512,1509.402
2026-02-02,1492.811,1450.898
2026-02-03,1475.568,1471.069
2026-02-04,1452.976,1453.476
2026-02-05,1423.662,1432.522
2026-02-06,1415.047,1422.406
2026-02-09,1453.54,1458.163
2026-02-10,1463.348,1471.498
2026-02-11,1461.999,1455.114
2026-02-12,1463.609,1480.995
2026-02-13,1470.259,1470.333
2026-02-24,1493.453,1465.365
2026-02-25,1468.511,1473.285
2026-02-26,1478.726,1485.865
2026-02-27,1468.078,1488.023
2026-03-02,1459.776,1464.772
2026-03-03,1467.764,1388.41
2026-03-04,1380.13,1381.558
2026-03-05,1418.883,1405.353
2026-03-06,1396.594,1414.394
2026-03-09,1373.817,1390.483
2026-03-10,1417.259,1420.539
2026-03-11,1421.352,1401.084
2026-03-12,1397.779,1383.652
2026-03-13,1374.65,1373.636
2026-03-16,1370.703,1384.987
2026-03-17,1386.26,1354.153
2026-03-18,1363.54,1372.576
2026-03-19,1348.553,1339.034
2026-03-20,1344.93,1318.307
2026-03-23,1292.892,1261.438
2026-03-24,1281.579,1290.791
2026-03-25,1299.631,1315.412
2026-03-26,1313.965,1288.807
2026-03-27,1265.531,1300.756
2026-03-30,1278.993,1289.78
2026-03-31,1283.899,1256.327
2026-04-01,1290.638,1298.198
2026-04-02,1294.63,1262.182
2026-04-03,1270.936,1256.21
2026-04-07,1261.711,1274.015
2026-04-08,1317.276,1352.689
2026-04-09,1335.287,1343.946
2026-04-10,1363.577,1364.495
2026-04-13,1358.463,1375.287
2026-04-14,1398.4,1405.072
2026-04-15,1415.392,1406.322
2026-04-16,1406.319,1422.228
2026-04-17,1414.873,1423.351
2026-04-20,1426.893,1450.521
2026-04-21,1445.204,1426.677
2026-04-22,1420.776,1451.139
2026-04-23,1466.124,1432.592
2026-04-24,1443.037,1453.685
2026-04-27,1478.314,1508.385
2026-04-28,1497.322,1488.661
2026-04-29,1474.117,1493.505
2026-04-30,1511.388,1571.065
2026-05-06,1634.313,1656.946
2026-05-07,1663.159,1678.887
2026-05-08,1653.311,1640.46
2026-05-11,1687.643,1716.691
2026-05-12,1708.211,1723.784
2026-05-13,1684.368,1770.147
2026-05-14,1792.342,1725.093
2026-05-15,1724.355,1696.261
2026-05-18,1690.382,1709.963
2026-05-19,1697.402,1775.135
2026-05-20,1764.213,1832.022
2026-05-21,1866.287,1764.174
2026-05-22,1790.744,1790.771
2026-05-25,1791.67,1896.037
2026-05-26,1877.388,1867.709
2026-05-27,1875.422,1815.451
2026-05-28,1805.113,1844.249
2026-05-29,1850.273,1751.323
2026-06-01,1751.232,1663.694
2026-06-02,1676.309,1690.558
2026-06-03,1697.659,1726.181
2026-06-04,1700.312,1738.059
2026-06-05,1706.531,1668.329
2026-06-08,1587.969,1596.566
2026-06-09,1630.232,1663.109
2026-06-10,1662.846,1652.224
2026-06-11,1644.603,1662.436
2026-06-12,1726.005,1663.221
2026-06-15,1687.67,1748.326
2026-06-16,1751.705,1758.424
2026-06-17,1729.228,1840.821
2026-06-18,1837.07,1911.513
2026-06-22,1922.474,1948.928
2026-06-23,1929.266,1916.212
2026-06-24,1896.341,1989.426
2026-06-25,2004.775,2066.331
2026-06-26,2034.433,2032.284
2026-06-29,2039.667,2126.011
2026-06-30,2132.882,2207.865
2026-07-01,2205.656,2153.043
2026-07-02,2059.898,1987.291
2026-07-03,1978.755,1975.6
2026-07-06,2015.181,1996.103
2026-07-07,1965.795,2001.586
2026-07-08,2022.451,2016.233
2026-07-09,2047.238,2185.825
2026-07-10,2190.178,2064.976
2026-07-13,2038.362,1994.319
2026-07-14,1994.44,2009.73
2026-07-15,2021.578,1924.274
2026-07-16,1869.936,1846.877
2026-07-17,1829.981,1715.404
2026-07-20,1764.593,1718.69
2026-07-21,1747.49,1903.161
2026-07-22,1874.779,1860.085
2026-07-23,1876.613,1789.694
2026-07-24,1766.259,1787.196
2026-07-27,1780.72,1807.951
2026-07-28,1755.867,1693.479
2026-07-29,1704.585,1678.738
